{
    "name": "root",
    "metadata": {
        "timer_format_version": "0.1.0",
        "start_time_seconds": "1617949774",
        "python_version": "3.7.9 (tags/v3.7.9:13c94747c7, Aug 17 2020, 18:58:18) [MSC v.1900 64 bit (AMD64)]",
        "command_line_arguments": "C:\\Users\\wjias\\AppData\\Local\\Programs\\Python\\Python37\\Scripts\\mlagents-learn config/agent_config.yaml --run-id=19train --env=Build/23-times-train --resume --num-envs=8",
        "mlagents_version": "0.17.0",
        "mlagents_envs_version": "0.17.0",
        "communication_protocol_version": "1.0.0",
        "tensorflow_version": "2.4.1",
        "end_time_seconds": "1617951806"
    },
    "total": 2031.9796577,
    "count": 1,
    "self": 1.7426772999999685,
    "children": {
        "run_training.setup": {
            "total": 0.12360969999999938,
            "count": 1,
            "self": 0.12360969999999938
        },
        "TrainerController.start_learning": {
            "total": 2030.1133707,
            "count": 1,
            "self": 364.66595750000533,
            "children": {
                "TrainerController._reset_env": {
                    "total": 13.202082999999998,
                    "count": 1,
                    "self": 13.202082999999998
                },
                "TrainerController.advance": {
                    "total": 1651.4342911999947,
                    "count": 145384,
                    "self": 4.167959699957919,
                    "children": {
                        "env_step": {
                            "total": 1647.2663315000368,
                            "count": 145384,
                            "self": 687.373522499934,
                            "children": {
                                "SubprocessEnvManager._take_step": {
                                    "total": 950.0348640000592,
                                    "count": 576746,
                                    "self": 40.3215898999764,
                                    "children": {
                                        "NNPolicy.evaluate": {
                                            "total": 909.7132741000828,
                                            "count": 576218,
                                            "self": 909.7132741000828
                                        }
                                    }
                                },
                                "workers": {
                                    "total": 9.857945000043657,
                                    "count": 145384,
                                    "self": 0.0,
                                    "children": {
                                        "worker_root": {
                                            "total": 15614.9755445,
                                            "count": 576744,
                                            "is_parallel": true,
                                            "self": 10261.795304100046,
                                            "children": {
                                                "steps_from_proto": {
                                                    "total": 0.008707899999999213,
                                                    "count": 8,
                                                    "is_parallel": true,
                                                    "self": 0.004351200000002109,
                                                    "children": {
                                                        "_process_vector_observation": {
                                                            "total": 0.0043566999999971046,
                                                            "count": 32,
                                                            "is_parallel": true,
                                                            "self": 0.0043566999999971046
                                                        }
                                                    }
                                                },
                                                "UnityEnvironment.step": {
                                                    "total": 5353.171532499953,
                                                    "count": 576744,
                                                    "is_parallel": true,
                                                    "self": 107.52458909987581,
                                                    "children": {
                                                        "UnityEnvironment._generate_step_input": {
                                                            "total": 73.2309478999623,
                                                            "count": 576744,
                                                            "is_parallel": true,
                                                            "self": 73.2309478999623
                                                        },
                                                        "communicator.exchange": {
                                                            "total": 4767.683326100112,
                                                            "count": 576744,
                                                            "is_parallel": true,
                                                            "self": 4767.683326100112
                                                        },
                                                        "steps_from_proto": {
                                                            "total": 404.7326694000031,
                                                            "count": 576744,
                                                            "is_parallel": true,
                                                            "self": 166.50256630008207,
                                                            "children": {
                                                                "_process_vector_observation": {
                                                                    "total": 238.23010309992102,
                                                                    "count": 2306976,
                                                                    "is_parallel": true,
                                                                    "self": 238.23010309992102
                                                                }
                                                            }
                                                        }
                                                    }
                                                }
                                            }
                                        }
                                    }
                                }
                            }
                        }
                    }
                },
                "TrainerController._save_model": {
                    "total": 0.811038999999937,
                    "count": 1,
                    "self": 0.0003806999998232641,
                    "children": {
                        "Trainer.save_model": {
                            "total": 0.8106583000001137,
                            "count": 1,
                            "self": 0.8106583000001137
                        }
                    }
                }
            }
        }
    }
}