Steps,Policy/Entropy,Policy/Extrinsic Value Estimate,Losses/Value Loss,Losses/Policy Loss,Policy/Learning Rate,Policy/Epsilon,Policy/Beta,Environment/Episode Length,Environment/Cumulative Reward,Policy/Extrinsic Reward,Is Training
1400000,1.5053796,2.6502464,2.6351728,0.019138334,0.00025842592,0.18614197,0.00043209558,1203.0,-13.53059812146239,-13.53059812146239,1.0
1450000,1.5025047,1.7757106,0.10469671,0.024467837,0.00025734125,0.18578038,0.00043032397,1202.3809523809523,5.804538398715002,5.804538398715002,1.0
1500000,1.5306746,0.9876355,1.4017607,0.024491515,0.00025579293,0.1852643,0.0004277951,1202.3809523809523,-7.094344557928188,-7.094344557928188,1.0
