{
    "name": "root",
    "metadata": {
        "timer_format_version": "0.1.0",
        "start_time_seconds": "1617166938",
        "python_version": "3.7.9 (tags/v3.7.9:13c94747c7, Aug 17 2020, 18:58:18) [MSC v.1900 64 bit (AMD64)]",
        "command_line_arguments": "C:\\Users\\wjias\\AppData\\Local\\Programs\\Python\\Python37\\Scripts\\mlagents-learn config/agent_config.yaml --run-id=9train --resume --env=Build/9-times-train --num-envs=8",
        "mlagents_version": "0.17.0",
        "mlagents_envs_version": "0.17.0",
        "communication_protocol_version": "1.0.0",
        "tensorflow_version": "2.4.1",
        "end_time_seconds": "1617168630"
    },
    "total": 1691.9105198,
    "count": 1,
    "self": 1.1467650999998114,
    "children": {
        "run_training.setup": {
            "total": 0.04694670000000034,
            "count": 1,
            "self": 0.04694670000000034
        },
        "TrainerController.start_learning": {
            "total": 1690.7168080000001,
            "count": 1,
            "self": 227.22739780004235,
            "children": {
                "TrainerController._reset_env": {
                    "total": 9.060445099999999,
                    "count": 1,
                    "self": 9.060445099999999
                },
                "TrainerController.advance": {
                    "total": 1453.895394999958,
                    "count": 120849,
                    "self": 3.4481500999488617,
                    "children": {
                        "env_step": {
                            "total": 1450.447244900009,
                            "count": 120849,
                            "self": 601.3176119000311,
                            "children": {
                                "SubprocessEnvManager._take_step": {
                                    "total": 840.3503831999783,
                                    "count": 521898,
                                    "self": 34.88771569993742,
                                    "children": {
                                        "NNPolicy.evaluate": {
                                            "total": 805.4626675000409,
                                            "count": 521468,
                                            "self": 805.4626675000409
                                        }
                                    }
                                },
                                "workers": {
                                    "total": 8.779249799999654,
                                    "count": 120849,
                                    "self": 0.0,
                                    "children": {
                                        "worker_root": {
                                            "total": 12935.038445000275,
                                            "count": 521891,
                                            "is_parallel": true,
                                            "self": 9146.3830814001,
                                            "children": {
                                                "steps_from_proto": {
                                                    "total": 0.009492200000002171,
                                                    "count": 8,
                                                    "is_parallel": true,
                                                    "self": 0.004862800000001499,
                                                    "children": {
                                                        "_process_vector_observation": {
                                                            "total": 0.004629400000000672,
                                                            "count": 32,
                                                            "is_parallel": true,
                                                            "self": 0.004629400000000672
                                                        }
                                                    }
                                                },
                                                "UnityEnvironment.step": {
                                                    "total": 3788.6458714001756,
                                                    "count": 521891,
                                                    "is_parallel": true,
                                                    "self": 97.11219430013398,
                                                    "children": {
                                                        "UnityEnvironment._generate_step_input": {
                                                            "total": 64.53088679998103,
                                                            "count": 521891,
                                                            "is_parallel": true,
                                                            "self": 64.53088679998103
                                                        },
                                                        "communicator.exchange": {
                                                            "total": 3269.7185486000517,
                                                            "count": 521891,
                                                            "is_parallel": true,
                                                            "self": 3269.7185486000517
                                                        },
                                                        "steps_from_proto": {
                                                            "total": 357.2842417000087,
                                                            "count": 521891,
                                                            "is_parallel": true,
                                                            "self": 146.36475170004445,
                                                            "children": {
                                                                "_process_vector_observation": {
                                                                    "total": 210.91948999996424,
                                                                    "count": 2087564,
                                                                    "is_parallel": true,
                                                                    "self": 210.91948999996424
                                                                }
                                                            }
                                                        }
                                                    }
                                                }
                                            }
                                        }
                                    }
                                }
                            }
                        }
                    }
                },
                "TrainerController._save_model": {
                    "total": 0.5335700999999062,
                    "count": 1,
                    "self": 0.00044359999992593657,
                    "children": {
                        "Trainer.save_model": {
                            "total": 0.5331264999999803,
                            "count": 1,
                            "self": 0.5331264999999803
                        }
                    }
                }
            }
        }
    }
}