{
    "name": "root",
    "metadata": {
        "timer_format_version": "0.1.0",
        "start_time_seconds": "1617758177",
        "python_version": "3.7.9 (tags/v3.7.9:13c94747c7, Aug 17 2020, 18:58:18) [MSC v.1900 64 bit (AMD64)]",
        "command_line_arguments": "C:\\Users\\wjias\\AppData\\Local\\Programs\\Python\\Python37\\Scripts\\mlagents-learn config/agent_config.yaml --run-id=16train --env=Build/22-times-train --resume --num-envs=8",
        "mlagents_version": "0.17.0",
        "mlagents_envs_version": "0.17.0",
        "communication_protocol_version": "1.0.0",
        "tensorflow_version": "2.4.1",
        "end_time_seconds": "1617758503"
    },
    "total": 326.79916149999997,
    "count": 1,
    "self": 1.5524232999999867,
    "children": {
        "run_training.setup": {
            "total": 0.09561590000000031,
            "count": 1,
            "self": 0.09561590000000031
        },
        "TrainerController.start_learning": {
            "total": 325.1511223,
            "count": 1,
            "self": 95.65386210000125,
            "children": {
                "TrainerController._reset_env": {
                    "total": 11.6412842,
                    "count": 1,
                    "self": 11.6412842
                },
                "TrainerController.advance": {
                    "total": 217.2709663999987,
                    "count": 16586,
                    "self": 0.5443237999986934,
                    "children": {
                        "env_step": {
                            "total": 216.72664260000002,
                            "count": 16586,
                            "self": 87.24419179999919,
                            "children": {
                                "SubprocessEnvManager._take_step": {
                                    "total": 128.23775159999948,
                                    "count": 69568,
                                    "self": 5.380909699997872,
                                    "children": {
                                        "NNPolicy.evaluate": {
                                            "total": 122.85684190000161,
                                            "count": 69515,
                                            "self": 122.85684190000161
                                        }
                                    }
                                },
                                "workers": {
                                    "total": 1.2446992000013601,
                                    "count": 16586,
                                    "self": 0.0,
                                    "children": {
                                        "worker_root": {
                                            "total": 2016.3951786999846,
                                            "count": 69564,
                                            "is_parallel": true,
                                            "self": 1383.1138159999887,
                                            "children": {
                                                "steps_from_proto": {
                                                    "total": 0.01003129999999608,
                                                    "count": 8,
                                                    "is_parallel": true,
                                                    "self": 0.005072599999994765,
                                                    "children": {
                                                        "_process_vector_observation": {
                                                            "total": 0.004958700000001315,
                                                            "count": 32,
                                                            "is_parallel": true,
                                                            "self": 0.004958700000001315
                                                        }
                                                    }
                                                },
                                                "UnityEnvironment.step": {
                                                    "total": 633.2713313999958,
                                                    "count": 69564,
                                                    "is_parallel": true,
                                                    "self": 14.371754400002374,
                                                    "children": {
                                                        "UnityEnvironment._generate_step_input": {
                                                            "total": 9.515989099994986,
                                                            "count": 69564,
                                                            "is_parallel": true,
                                                            "self": 9.515989099994986
                                                        },
                                                        "communicator.exchange": {
                                                            "total": 557.2047636999966,
                                                            "count": 69564,
                                                            "is_parallel": true,
                                                            "self": 557.2047636999966
                                                        },
                                                        "steps_from_proto": {
                                                            "total": 52.178824200001856,
                                                            "count": 69564,
                                                            "is_parallel": true,
                                                            "self": 21.34915530000412,
                                                            "children": {
                                                                "_process_vector_observation": {
                                                                    "total": 30.829668899997735,
                                                                    "count": 278256,
                                                                    "is_parallel": true,
                                                                    "self": 30.829668899997735
                                                                }
                                                            }
                                                        }
                                                    }
                                                }
                                            }
                                        }
                                    }
                                }
                            }
                        }
                    }
                },
                "TrainerController._save_model": {
                    "total": 0.5850096000000349,
                    "count": 1,
                    "self": 0.00044800000006262053,
                    "children": {
                        "Trainer.save_model": {
                            "total": 0.5845615999999723,
                            "count": 1,
                            "self": 0.5845615999999723
                        }
                    }
                }
            }
        }
    }
}