{"cameraMode":{"drawMode":0,"name":"Shaded","section":"Shading Mode"},"sceneLighting":false,"audioPlay":false,"sceneViewState":{"showFog":true,"showMaterialUpdate":false,"showSkybox":false,"showFlares":true,"showImageEffects":true,"showParticleSystems":true,"showVisualEffectGraphs":true,"m_FxEnabled":true},"in2DMode":false,"pivot":{"x":24.833147048950197,"y":0.5641718506813049,"z":24.874065399169923},"rotation":{"x":0.007857208140194416,"y":0.48763227462768557,"z":-0.004388799890875816,"w":0.8730020523071289},"size":0.8044680953025818,"orthographic":false}